areaname,areacode,indicatorname,indicatorid,age,timeperiod,year_end,value,lowerci95.0limit,upperci95.0limit,count,denominator,valuenote
City of London,E09000001,Hospital admissions due to substance misuse (15 to 24 years),90808,15-24 yrs,2018/19 - 20/21,21,,,,,,Value for Hackney and City of London combined
Barking and Dagenham,E09000002,Hospital admissions due to substance misuse (15 to 24 years),90808,15-24 yrs,2018/19 - 20/21,21,97.98,77.2,122.7,75,79049,
Barnet,E09000003,Hospital admissions due to substance misuse (15 to 24 years),90808,15-24 yrs,2018/19 - 20/21,21,36.74,27,48.9,45,128455,
Bexley,E09000004,Hospital admissions due to substance misuse (15 to 24 years),90808,15-24 yrs,2018/19 - 20/21,21,52.4,37.9,70.6,45,82833,
Brent,E09000005,Hospital admissions due to substance misuse (15 to 24 years),90808,15-24 yrs,2018/19 - 20/21,21,64.92,51.5,80.8,80,121526,
Bromley,E09000006,Hospital admissions due to substance misuse (15 to 24 years),90808,15-24 yrs,2018/19 - 20/21,21,96.28,76.8,119.2,85,94682,
Camden,E09000007,Hospital admissions due to substance misuse (15 to 24 years),90808,15-24 yrs,2018/19 - 20/21,21,36.55,26,50,40,114610,
Croydon,E09000008,Hospital admissions due to substance misuse (15 to 24 years),90808,15-24 yrs,2018/19 - 20/21,21,47.04,35.7,60.8,60,125123,
Ealing,E09000009,Hospital admissions due to substance misuse (15 to 24 years),90808,15-24 yrs,2018/19 - 20/21,21,59.27,45.9,75.3,65,112088,
Enfield,E09000010,Hospital admissions due to substance misuse (15 to 24 years),90808,15-24 yrs,2018/19 - 20/21,21,31.02,21.7,43,35,114880,
Greenwich,E09000011,Hospital admissions due to substance misuse (15 to 24 years),90808,15-24 yrs,2018/19 - 20/21,21,68.97,53.5,87.4,70,98234,
Hackney,E09000012,Hospital admissions due to substance misuse (15 to 24 years),90808,15-24 yrs,2018/19 - 20/21,21,47.98,35.1,64,45,95487,Value for Hackney and City of London combined
Hammersmith and Fulham,E09000013,Hospital admissions due to substance misuse (15 to 24 years),90808,15-24 yrs,2018/19 - 20/21,21,16.9,8.8,29.2,15,68410,
Haringey,E09000014,Hospital admissions due to substance misuse (15 to 24 years),90808,15-24 yrs,2018/19 - 20/21,21,27.08,17.5,40,25,93448,
Harrow,E09000015,Hospital admissions due to substance misuse (15 to 24 years),90808,15-24 yrs,2018/19 - 20/21,21,49.57,35.4,67.5,40,80818,
Havering,E09000016,Hospital admissions due to substance misuse (15 to 24 years),90808,15-24 yrs,2018/19 - 20/21,21,117.37,95.4,142.9,100,85018,
Hillingdon,E09000017,Hospital admissions due to substance misuse (15 to 24 years),90808,15-24 yrs,2018/19 - 20/21,21,41.1,30.1,54.8,45,112266,
Hounslow,E09000018,Hospital admissions due to substance misuse (15 to 24 years),90808,15-24 yrs,2018/19 - 20/21,21,54.6,40.3,72.4,50,87899,
Islington,E09000019,Hospital admissions due to substance misuse (15 to 24 years),90808,15-24 yrs,2018/19 - 20/21,21,30.03,19.4,44.2,30,115069,
Kensington and Chelsea,E09000020,Hospital admissions due to substance misuse (15 to 24 years),90808,15-24 yrs,2018/19 - 20/21,21,35.66,20.6,57.3,15,49860,
Kingston upon Thames,E09000021,Hospital admissions due to substance misuse (15 to 24 years),90808,15-24 yrs,2018/19 - 20/21,21,54.94,38.2,76.5,35,63311,
Lambeth,E09000022,Hospital admissions due to substance misuse (15 to 24 years),90808,15-24 yrs,2018/19 - 20/21,21,67.6,52.7,85.3,75,110763,
Lewisham,E09000023,Hospital admissions due to substance misuse (15 to 24 years),90808,15-24 yrs,2018/19 - 20/21,21,46.8,34.4,62.3,45,99258,
Merton,E09000024,Hospital admissions due to substance misuse (15 to 24 years),90808,15-24 yrs,2018/19 - 20/21,21,51.68,35.1,73.4,30,59976,
Newham,E09000025,Hospital admissions due to substance misuse (15 to 24 years),90808,15-24 yrs,2018/19 - 20/21,21,61.4,49.2,75.7,90,140495,
Redbridge,E09000026,Hospital admissions due to substance misuse (15 to 24 years),90808,15-24 yrs,2018/19 - 20/21,21,98.43,80.5,119.2,105,108868,
Richmond upon Thames,E09000027,Hospital admissions due to substance misuse (15 to 24 years),90808,15-24 yrs,2018/19 - 20/21,21,62.38,43.3,87,35,53874,
Southwark,E09000028,Hospital admissions due to substance misuse (15 to 24 years),90808,15-24 yrs,2018/19 - 20/21,21,53.88,40.8,69.7,60,112995,
Sutton,E09000029,Hospital admissions due to substance misuse (15 to 24 years),90808,15-24 yrs,2018/19 - 20/21,21,84.57,63,111.1,50,61151,
Tower Hamlets,E09000030,Hospital admissions due to substance misuse (15 to 24 years),90808,15-24 yrs,2018/19 - 20/21,21,52.89,41.3,66.7,75,136581,
Waltham Forest,E09000031,Hospital admissions due to substance misuse (15 to 24 years),90808,15-24 yrs,2018/19 - 20/21,21,87.66,69.3,109.4,80,89321,
Wandsworth,E09000032,Hospital admissions due to substance misuse (15 to 24 years),90808,15-24 yrs,2018/19 - 20/21,21,52.52,38.8,69.4,50,101163,
Westminster,E09000033,Hospital admissions due to substance misuse (15 to 24 years),90808,15-24 yrs,2018/19 - 20/21,21,60.57,46.2,77.9,60,94577,
City of London,E09000001,Hospital admissions for mental health conditions,90812,<18 yrs,2021/22,22,,,,,,Value for Hackney and City of London combined
Barking and Dagenham,E09000002,Hospital admissions for mental health conditions,90812,<18 yrs,2021/22,22,39.47451525,23.01422769,54.49505824,25,63332,
Barnet,E09000003,Hospital admissions for mental health conditions,90812,<18 yrs,2021/22,22,89.75150053,70.16646021,110.4603167,80,89135,
Bexley,E09000004,Hospital admissions for mental health conditions,90812,<18 yrs,2021/22,22,88.45643521,64.1266177,114.6076865,50,56525,
Brent,E09000005,Hospital admissions for mental health conditions,90812,<18 yrs,2021/22,22,89.12411561,67.57710677,112.0603842,65,72932,
Bromley,E09000006,Hospital admissions for mental health conditions,90812,<18 yrs,2021/22,22,34.48941865,21.20784827,49.26691559,25,72486,
Camden,E09000007,Hospital admissions for mental health conditions,90812,<18 yrs,2021/22,22,123.3992377,87.66108903,161.9803486,45,36467,
Croydon,E09000008,Hospital admissions for mental health conditions,90812,<18 yrs,2021/22,22,33.33963082,23.40346672,48.9020457,30,89983,
Ealing,E09000009,Hospital admissions for mental health conditions,90812,<18 yrs,2021/22,22,56.24015797,38.88840804,72.39002115,45,80014,
Enfield,E09000010,Hospital admissions for mental health conditions,90812,<18 yrs,2021/22,22,79.53697246,61.38197045,101.3779946,65,81723,
Greenwich,E09000011,Hospital admissions for mental health conditions,90812,<18 yrs,2021/22,22,114.2648201,92.57734603,146.6216159,75,65637,
Hackney,E09000012,Hospital admissions for mental health conditions,90812,<18 yrs,2021/22,22,44.36321048,30.13105923,67.60517124,25,56353,Value for Hackney and City of London combined
Hammersmith and Fulham,E09000013,Hospital admissions for mental health conditions,90812,<18 yrs,2021/22,22,94.33368971,63.6341711,134.671945,30,31802,
Haringey,E09000014,Hospital admissions for mental health conditions,90812,<18 yrs,2021/22,22,82.84241532,63.56932575,115.0615703,45,54320,
Harrow,E09000015,Hospital admissions for mental health conditions,90812,<18 yrs,2021/22,22,77.49401574,57.99095436,105.6656196,45,58069,
Havering,E09000016,Hospital admissions for mental health conditions,90812,<18 yrs,2021/22,22,68.3305147,48.81070716,93.04924806,40,58539,
Hillingdon,E09000017,Hospital admissions for mental health conditions,90812,<18 yrs,2021/22,22,49.22921121,34.28492527,68.46800002,35,71096,
Hounslow,E09000018,Hospital admissions for mental health conditions,90812,<18 yrs,2021/22,22,53.03512441,35.6734719,71.99605949,35,65994,
Islington,E09000019,Hospital admissions for mental health conditions,90812,<18 yrs,2021/22,22,95.80641629,71.3017752,139.6066369,35,36532,
Kensington and Chelsea,E09000020,Hospital admissions for mental health conditions,90812,<18 yrs,2021/22,22,109.495445,74.36823671,166.8602932,25,22832,
Kingston upon Thames,E09000021,Hospital admissions for mental health conditions,90812,<18 yrs,2021/22,22,123.5550918,87.77180565,162.184931,45,36421,
Lambeth,E09000022,Hospital admissions for mental health conditions,90812,<18 yrs,2021/22,22,46.05917683,31.28294301,70.18965722,25,54278,
Lewisham,E09000023,Hospital admissions for mental health conditions,90812,<18 yrs,2021/22,22,93.16625518,69.73641073,118.1767948,60,64401,
Merton,E09000024,Hospital admissions for mental health conditions,90812,<18 yrs,2021/22,22,127.7356723,95.61216442,162.0263937,60,46972,
Newham,E09000025,Hospital admissions for mental health conditions,90812,<18 yrs,2021/22,22,59.74857798,42.28822083,76.05090412,50,83684,
Redbridge,E09000026,Hospital admissions for mental health conditions,90812,<18 yrs,2021/22,22,39.33652396,28.69494259,59.23549427,30,76265,
Richmond upon Thames,E09000027,Hospital admissions for mental health conditions,90812,<18 yrs,2021/22,22,171.1508181,134.6158677,214.5418878,75,43821,
Southwark,E09000028,Hospital admissions for mental health conditions,90812,<18 yrs,2021/22,22,87.42175753,66.38811956,117.2447551,50,57194,
Sutton,E09000029,Hospital admissions for mental health conditions,90812,<18 yrs,2021/22,22,91.88924283,63.53869723,118.2760588,45,48972,
Tower Hamlets,E09000030,Hospital admissions for mental health conditions,90812,<18 yrs,2021/22,22,93.38376056,68.54246136,116.6982487,60,64251,
Waltham Forest,E09000031,Hospital admissions for mental health conditions,90812,<18 yrs,2021/22,22,55.957025,37.63885503,75.96258793,35,62548,
Wandsworth,E09000032,Hospital admissions for mental health conditions,90812,<18 yrs,2021/22,22,84.1665825,59.57053954,107.1313312,50,59406,
Westminster,E09000033,Hospital admissions for mental health conditions,90812,<18 yrs,2021/22,22,81.93229115,50.38088978,117.0373822,25,30513,
City of London,E09000001,Hospital admissions as a result of self-harm (10-24 years),90813,10-24 yrs,2021/22,22,,,,,,Value for Hackney and City of London combined
Barking and Dagenham,E09000002,Hospital admissions as a result of self-harm (10-24 years),90813,10-24 yrs,2021/22,22,169.6012029,133.4266983,212.4669798,75,46865,
Barnet,E09000003,Hospital admissions as a result of self-harm (10-24 years),90813,10-24 yrs,2021/22,22,254.6305923,218.5897734,294.9030118,180,69861,
Bexley,E09000004,Hospital admissions as a result of self-harm (10-24 years),90813,10-24 yrs,2021/22,22,251.4751145,206.9900823,302.6405958,115,44402,
Brent,E09000005,Hospital admissions as a result of self-harm (10-24 years),90813,10-24 yrs,2021/22,22,213.4956331,179.4610666,252.1031086,140,65765,
Bromley,E09000006,Hospital admissions as a result of self-harm (10-24 years),90813,10-24 yrs,2021/22,22,205.4825071,168.1116906,248.6041751,110,53360,
Camden,E09000007,Hospital admissions as a result of self-harm (10-24 years),90813,10-24 yrs,2021/22,22,316.9902222,265.0915472,375.8890493,140,44111,
Croydon,E09000008,Hospital admissions as a result of self-harm (10-24 years),90813,10-24 yrs,2021/22,22,169.7606376,140.2769306,203.5897701,115,69793,
Ealing,E09000009,Hospital admissions as a result of self-harm (10-24 years),90813,10-24 yrs,2021/22,22,226.9743733,192.3953042,265.9672127,155,68022,
Enfield,E09000010,Hospital admissions as a result of self-harm (10-24 years),90813,10-24 yrs,2021/22,22,209.965988,176.1813476,248.3075389,140,64977,
Greenwich,E09000011,Hospital admissions as a result of self-harm (10-24 years),90813,10-24 yrs,2021/22,22,391.9930259,340.0796238,449.5788599,205,52515,
Hackney,E09000012,Hospital admissions as a result of self-harm (10-24 years),90813,10-24 yrs,2021/22,22,188.3158796,151.511253,231.3351298,90,49423,Value for Hackney and City of London combined
Hammersmith and Fulham,E09000013,Hospital admissions as a result of self-harm (10-24 years),90813,10-24 yrs,2021/22,22,204.3380806,154.7995181,264.3897617,60,34060,
Haringey,E09000014,Hospital admissions as a result of self-harm (10-24 years),90813,10-24 yrs,2021/22,22,220.4800949,179.7589727,267.664346,100,46385,
Harrow,E09000015,Hospital admissions as a result of self-harm (10-24 years),90813,10-24 yrs,2021/22,22,256.6928405,212.9145947,306.8076021,120,46762,
Havering,E09000016,Hospital admissions as a result of self-harm (10-24 years),90813,10-24 yrs,2021/22,22,200.3140065,160.5359572,246.9324119,90,44642,
Hillingdon,E09000017,Hospital admissions as a result of self-harm (10-24 years),90813,10-24 yrs,2021/22,22,237.7123471,199.6751281,280.8800693,140,58085,
Hounslow,E09000018,Hospital admissions as a result of self-harm (10-24 years),90813,10-24 yrs,2021/22,22,163.1479407,129.8585949,202.3473512,85,51790,
Islington,E09000019,Hospital admissions as a result of self-harm (10-24 years),90813,10-24 yrs,2021/22,22,288.6342654,234.3558973,351.527526,100,38750,
Kensington and Chelsea,E09000020,Hospital admissions as a result of self-harm (10-24 years),90813,10-24 yrs,2021/22,22,170.3604472,120.5663973,233.4166961,40,25602,
Kingston upon Thames,E09000021,Hospital admissions as a result of self-harm (10-24 years),90813,10-24 yrs,2021/22,22,558.8223299,478.3617186,648.9323285,170,31080,
Lambeth,E09000022,Hospital admissions as a result of self-harm (10-24 years),90813,10-24 yrs,2021/22,22,203.3252871,165.8098077,246.6724863,105,56638,
Lewisham,E09000023,Hospital admissions as a result of self-harm (10-24 years),90813,10-24 yrs,2021/22,22,309.9639081,263.6020365,362.1233717,160,51920,
Merton,E09000024,Hospital admissions as a result of self-harm (10-24 years),90813,10-24 yrs,2021/22,22,213.7134662,168.1452101,267.771159,75,35255,
Newham,E09000025,Hospital admissions as a result of self-harm (10-24 years),90813,10-24 yrs,2021/22,22,133.6919281,108.2471927,163.3100747,95,73316,
Redbridge,E09000026,Hospital admissions as a result of self-harm (10-24 years),90813,10-24 yrs,2021/22,22,131.1236355,103.7298432,163.5138854,80,59769,
Richmond upon Thames,E09000027,Hospital admissions as a result of self-harm (10-24 years),90813,10-24 yrs,2021/22,22,394.1459512,325.5844142,472.6755726,120,32082,
Southwark,E09000028,Hospital admissions as a result of self-harm (10-24 years),90813,10-24 yrs,2021/22,22,262.2350678,220.5291823,309.4601612,145,57127,
Sutton,E09000029,Hospital admissions as a result of self-harm (10-24 years),90813,10-24 yrs,2021/22,22,345.7724276,287.314419,412.5095461,125,36032,
Tower Hamlets,E09000030,Hospital admissions as a result of self-harm (10-24 years),90813,10-24 yrs,2021/22,22,186.1712649,153.3763951,223.7774719,120,67509,
Waltham Forest,E09000031,Hospital admissions as a result of self-harm (10-24 years),90813,10-24 yrs,2021/22,22,127.5830722,97.30088312,164.291775,60,47341,
Wandsworth,E09000032,Hospital admissions as a result of self-harm (10-24 years),90813,10-24 yrs,2021/22,22,271.6863741,226.6290315,322.9424697,135,52185,
Westminster,E09000033,Hospital admissions as a result of self-harm (10-24 years),90813,10-24 yrs,2021/22,22,205.861466,159.4679313,261.2271401,70,38488,
City of London,E09000001,Admission episodes for alcohol-specific conditions - Under 18s,92904,<18 yrs,2018/19 - 20/21,21,,,,,,Value for Hackney and City of London combined
Barking and Dagenham,E09000002,Admission episodes for alcohol-specific conditions - Under 18s,92904,<18 yrs,2018/19 - 20/21,21,10.46901173,5.581289134,14.89177131,20,191040,
Barnet,E09000003,Admission episodes for alcohol-specific conditions - Under 18s,92904,<18 yrs,2018/19 - 20/21,21,19.5686361,15.04974945,25.87401063,55,281062,
Bexley,E09000004,Admission episodes for alcohol-specific conditions - Under 18s,92904,<18 yrs,2018/19 - 20/21,21,11.67106277,7.12601762,18.02588663,20,171364,
Brent,E09000005,Admission episodes for alcohol-specific conditions - Under 18s,92904,<18 yrs,2018/19 - 20/21,21,10.70842668,6.928037626,15.80840084,25,233461,
Bromley,E09000006,Admission episodes for alcohol-specific conditions - Under 18s,92904,<18 yrs,2018/19 - 20/21,21,8.869179601,4.728379052,12.61607091,20,225500,
Camden,E09000007,Admission episodes for alcohol-specific conditions - Under 18s,92904,<18 yrs,2018/19 - 20/21,21,19.0488285,12.32950358,26.4463444,30,157490,
Croydon,E09000008,Admission episodes for alcohol-specific conditions - Under 18s,92904,<18 yrs,2018/19 - 20/21,21,12.28320149,8.554446334,17.0834799,35,284942,
Ealing,E09000009,Admission episodes for alcohol-specific conditions - Under 18s,92904,<18 yrs,2018/19 - 20/21,21,14.22128317,10.24356907,20.25137165,35,246110,
Enfield,E09000010,Admission episodes for alcohol-specific conditions - Under 18s,92904,<18 yrs,2018/19 - 20/21,21,9.873929666,6.388142564,14.57646793,25,253192,
Greenwich,E09000011,Admission episodes for alcohol-specific conditions - Under 18s,92904,<18 yrs,2018/19 - 20/21,21,14.46075832,9.75471618,20.64435787,30,207458,
Hackney,E09000012,Admission episodes for alcohol-specific conditions - Under 18s,92904,<18 yrs,2018/19 - 20/21,21,15.28677999,9.894488192,21.22332344,30,196248,Value for Hackney and City of London combined
Hammersmith and Fulham,E09000013,Admission episodes for alcohol-specific conditions - Under 18s,92904,<18 yrs,2018/19 - 20/21,21,9.005682586,5.577678374,18.87848457,10,111041,
Haringey,E09000014,Admission episodes for alcohol-specific conditions - Under 18s,92904,<18 yrs,2018/19 - 20/21,21,19.4765808,13.10070007,26.43978092,35,179703,
Harrow,E09000015,Admission episodes for alcohol-specific conditions - Under 18s,92904,<18 yrs,2018/19 - 20/21,21,11.25372076,6.87120051,17.3813044,20,177719,
Havering,E09000016,Admission episodes for alcohol-specific conditions - Under 18s,92904,<18 yrs,2018/19 - 20/21,21,11.43366758,6.095571033,16.2639576,20,174922,
Hillingdon,E09000017,Admission episodes for alcohol-specific conditions - Under 18s,92904,<18 yrs,2018/19 - 20/21,21,18.00998654,13.62757923,25.56213164,40,222099,
Hounslow,E09000018,Admission episodes for alcohol-specific conditions - Under 18s,92904,<18 yrs,2018/19 - 20/21,21,10.20913411,7.035365835,17.00319994,20,195903,
Islington,E09000019,Admission episodes for alcohol-specific conditions - Under 18s,92904,<18 yrs,2018/19 - 20/21,21,23.48263068,15.84055223,33.5240947,30,127754,
Kensington and Chelsea,E09000020,Admission episodes for alcohol-specific conditions - Under 18s,92904,<18 yrs,2018/19 - 20/21,21,11.53309421,4.746298566,19.70406478,10,86707,
Kingston upon Thames,E09000021,Admission episodes for alcohol-specific conditions - Under 18s,92904,<18 yrs,2018/19 - 20/21,21,25.30556469,17.07023905,36.1265379,30,118551,
Lambeth,E09000022,Admission episodes for alcohol-specific conditions - Under 18s,92904,<18 yrs,2018/19 - 20/21,21,16.09847977,10.85946515,22.98238931,30,186353,
Lewisham,E09000023,Admission episodes for alcohol-specific conditions - Under 18s,92904,<18 yrs,2018/19 - 20/21,21,19.48415694,14.7430367,27.65446735,40,205295,
Merton,E09000024,Admission episodes for alcohol-specific conditions - Under 18s,92904,<18 yrs,2018/19 - 20/21,21,17.55433065,11.92272991,26.75107408,25,142415,
Newham,E09000025,Admission episodes for alcohol-specific conditions - Under 18s,92904,<18 yrs,2018/19 - 20/21,21,9.646959857,5.932000857,13.78034121,25,259149,
Redbridge,E09000026,Admission episodes for alcohol-specific conditions - Under 18s,92904,<18 yrs,2018/19 - 20/21,21,8.739234356,5.67805382,14.02745006,20,228853,
Richmond upon Thames,E09000027,Admission episodes for alcohol-specific conditions - Under 18s,92904,<18 yrs,2018/19 - 20/21,21,36.44846187,26.42336394,47.22408136,50,137180,
Southwark,E09000028,Admission episodes for alcohol-specific conditions - Under 18s,92904,<18 yrs,2018/19 - 20/21,21,10.18698206,5.823887738,15.11358295,20,196329,
Sutton,E09000029,Admission episodes for alcohol-specific conditions - Under 18s,92904,<18 yrs,2018/19 - 20/21,21,13.72175035,7.31540456,19.51866838,20,145754,
Tower Hamlets,E09000030,Admission episodes for alcohol-specific conditions - Under 18s,92904,<18 yrs,2018/19 - 20/21,21,16.10587542,11.98643633,23.46906595,35,217312,
Waltham Forest,E09000031,Admission episodes for alcohol-specific conditions - Under 18s,92904,<18 yrs,2018/19 - 20/21,21,9.954606992,5.69103914,14.76882728,20,200912,
Wandsworth,E09000032,Admission episodes for alcohol-specific conditions - Under 18s,92904,<18 yrs,2018/19 - 20/21,21,15.52088076,10.04601175,21.54833605,30,193288,
Westminster,E09000033,Admission episodes for alcohol-specific conditions - Under 18s,92904,<18 yrs,2018/19 - 20/21,21,10.20845669,6.220018728,17.68406745,15,146937,
City of London,E09000001,Children in relative low income families (under 16s),93700,<16 yrs,2021/22,22,,,,,,Value for Hackney and City of London combined
Barking and Dagenham,E09000002,Children in relative low income families (under 16s),93700,<16 yrs,2021/22,22,23.87854906,23.38645502,24.37770295,13574,56846,
Barnet,E09000003,Children in relative low income families (under 16s),93700,<16 yrs,2021/22,22,11.91845138,11.60391766,12.24033023,9494,79658,
Bexley,E09000004,Children in relative low income families (under 16s),93700,<16 yrs,2021/22,22,13.20765925,12.79564403,13.63086751,6670,50501,
Brent,E09000005,Children in relative low income families (under 16s),93700,<16 yrs,2021/22,22,18.49953546,18.07977057,18.92679451,11947,64580,
Bromley,E09000006,Children in relative low income families (under 16s),93700,<16 yrs,2021/22,22,9.481492929,9.167057955,9.805548904,6135,64705,
Camden,E09000007,Children in relative low income families (under 16s),93700,<16 yrs,2021/22,22,19.81331018,19.20527745,20.43572401,6389,32246,
Croydon,E09000008,Children in relative low income families (under 16s),93700,<16 yrs,2021/22,22,15.4702893,15.11941759,15.82778524,12390,80089,
Ealing,E09000009,Children in relative low income families (under 16s),93700,<16 yrs,2021/22,22,15.74352208,15.3689956,16.12543637,11216,71242,
Enfield,E09000010,Children in relative low income families (under 16s),93700,<16 yrs,2021/22,22,15.57073333,15.20070257,15.94807768,11262,72328,
Greenwich,E09000011,Children in relative low income families (under 16s),93700,<16 yrs,2021/22,22,18.86521224,18.42331019,19.3152041,11155,59130,
Hackney,E09000012,Children in relative low income families (under 16s),93700,<16 yrs,2021/22,22,23.62411305,23.10326194,24.15301825,11886,50313,Value for Hackney and City of London combined
Hammersmith and Fulham,E09000013,Children in relative low income families (under 16s),93700,<16 yrs,2021/22,22,12.94493833,12.4033534,13.50652496,3684,28459,
Haringey,E09000014,Children in relative low income families (under 16s),93700,<16 yrs,2021/22,22,17.98086303,17.50102986,18.47090651,8663,48179,
Harrow,E09000015,Children in relative low income families (under 16s),93700,<16 yrs,2021/22,22,15.37427163,14.93809286,15.82081762,7889,51313,
Havering,E09000016,Children in relative low income families (under 16s),93700,<16 yrs,2021/22,22,14.23273951,13.81458989,14.66139285,7446,52316,
Hillingdon,E09000017,Children in relative low income families (under 16s),93700,<16 yrs,2021/22,22,15.85721452,15.46044838,16.2622043,10115,63788,
Hounslow,E09000018,Children in relative low income families (under 16s),93700,<16 yrs,2021/22,22,16.23366745,15.81782503,16.65827883,9604,59161,
Islington,E09000019,Children in relative low income families (under 16s),93700,<16 yrs,2021/22,22,18.46083789,17.87568611,19.06069861,6081,32940,
Kensington and Chelsea,E09000020,Children in relative low income families (under 16s),93700,<16 yrs,2021/22,22,9.882166551,9.31530825,10.4795333,1996,20198,
Kingston upon Thames,E09000021,Children in relative low income families (under 16s),93700,<16 yrs,2021/22,22,8.861851224,8.434340259,9.30882846,2877,32465,
Lambeth,E09000022,Children in relative low income families (under 16s),93700,<16 yrs,2021/22,22,18.12555627,17.64484379,18.61640472,8757,48313,
Lewisham,E09000023,Children in relative low income families (under 16s),93700,<16 yrs,2021/22,22,16.77193833,16.34556263,17.20714835,9692,57787,
Merton,E09000024,Children in relative low income families (under 16s),93700,<16 yrs,2021/22,22,13.2439348,12.79329265,13.70795557,5590,42208,
Newham,E09000025,Children in relative low income families (under 16s),93700,<16 yrs,2021/22,22,24.10579379,23.67494184,24.54196545,18028,74787,
Redbridge,E09000026,Children in relative low income families (under 16s),93700,<16 yrs,2021/22,22,16.74523799,16.35238007,17.14559954,11402,68091,
Richmond upon Thames,E09000027,Children in relative low income families (under 16s),93700,<16 yrs,2021/22,22,5.369366618,5.06281913,5.693362078,2110,39297,
Southwark,E09000028,Children in relative low income families (under 16s),93700,<16 yrs,2021/22,22,18.42934602,17.95862789,18.90955847,9415,51087,
Sutton,E09000029,Children in relative low income families (under 16s),93700,<16 yrs,2021/22,22,10.55569479,10.15604274,10.96915351,4633,43891,
Tower Hamlets,E09000030,Children in relative low income families (under 16s),93700,<16 yrs,2021/22,22,26.72398819,26.21591203,27.23827605,15385,57570,
Waltham Forest,E09000031,Children in relative low income families (under 16s),93700,<16 yrs,2021/22,22,20.52828175,20.06015179,21.00446571,11541,56220,
Wandsworth,E09000032,Children in relative low income families (under 16s),93700,<16 yrs,2021/22,22,11.90136804,11.5206104,12.29296138,6429,54019,
Westminster,E09000033,Children in relative low income families (under 16s),93700,<16 yrs,2021/22,22,14.15584901,13.57515521,14.75714126,3784,26731,
City of London,E09000001,Children in absolute low income families (under 16s),93701,<16 yrs,2021/22,22,,,,,,Value for Hackney and City of London combined
Barking and Dagenham,E09000002,Children in absolute low income families (under 16s),93701,<16 yrs,2021/22,22,19.10248742,18.78142455,19.42772591,10859,56846,
Barnet,E09000003,Children in absolute low income families (under 16s),93701,<16 yrs,2021/22,22,9.484295363,9.282775806,9.689722422,7555,79658,
Bexley,E09000004,Children in absolute low income families (under 16s),93701,<16 yrs,2021/22,22,10.60375042,10.33821372,10.87528017,5355,50501,
Brent,E09000005,Children in absolute low income families (under 16s),93701,<16 yrs,2021/22,22,14.95973986,14.68673525,15.23691287,9661,64580,
Bromley,E09000006,Children in absolute low income families (under 16s),93701,<16 yrs,2021/22,22,7.623831234,7.421859883,7.830833932,4933,64705,
Camden,E09000007,Children in absolute low income families (under 16s),93701,<16 yrs,2021/22,22,16.55089003,16.14924741,16.96050127,5337,32246,
Croydon,E09000008,Children in absolute low income families (under 16s),93701,<16 yrs,2021/22,22,12.32254117,12.0967028,12.55199377,9869,80089,
Ealing,E09000009,Children in absolute low income families (under 16s),93701,<16 yrs,2021/22,22,12.29190646,12.05283072,12.53504851,8757,71242,
Enfield,E09000010,Children in absolute low income families (under 16s),93701,<16 yrs,2021/22,22,12.21933414,11.98265741,12.46002385,8838,72328,
Greenwich,E09000011,Children in absolute low income families (under 16s),93701,<16 yrs,2021/22,22,15.15981735,14.87301855,15.45114273,8964,59130,
Hackney,E09000012,Children in absolute low income families (under 16s),93701,<16 yrs,2021/22,22,18.7227953,18.38432651,19.06603983,9420,50313,Value for Hackney and City of London combined
Hammersmith and Fulham,E09000013,Children in absolute low income families (under 16s),93701,<16 yrs,2021/22,22,10.37281704,10.02390155,10.73242901,2952,28459,
Haringey,E09000014,Children in absolute low income families (under 16s),93701,<16 yrs,2021/22,22,14.39631375,14.08568549,14.71261913,6936,48179,
Harrow,E09000015,Children in absolute low income families (under 16s),93701,<16 yrs,2021/22,22,12.36723637,12.08520824,12.65489871,6346,51313,
Havering,E09000016,Children in absolute low income families (under 16s),93701,<16 yrs,2021/22,22,11.44774065,11.17773759,11.72340493,5989,52316,
Hillingdon,E09000017,Children in absolute low income families (under 16s),93701,<16 yrs,2021/22,22,12.61052236,12.3551547,12.87039309,8044,63788,
Hounslow,E09000018,Children in absolute low income families (under 16s),93701,<16 yrs,2021/22,22,12.86658441,12.59918569,13.13880512,7612,59161,
Islington,E09000019,Children in absolute low income families (under 16s),93701,<16 yrs,2021/22,22,14.29265331,13.91885097,14.67478305,4708,32940,
Kensington and Chelsea,E09000020,Children in absolute low income families (under 16s),93701,<16 yrs,2021/22,22,7.901772453,7.537693556,8.281861634,1596,20198,
Kingston upon Thames,E09000021,Children in absolute low income families (under 16s),93701,<16 yrs,2021/22,22,7.013707069,6.740968236,7.296617505,2277,32465,
Lambeth,E09000022,Children in absolute low income families (under 16s),93701,<16 yrs,2021/22,22,14.35224474,14.04244611,14.66771176,6934,48313,
Lewisham,E09000023,Children in absolute low income families (under 16s),93701,<16 yrs,2021/22,22,13.21404468,12.9403824,13.49259742,7636,57787,
Merton,E09000024,Children in absolute low income families (under 16s),93701,<16 yrs,2021/22,22,10.63305534,10.34254763,10.93072818,4488,42208,
Newham,E09000025,Children in absolute low income families (under 16s),93701,<16 yrs,2021/22,22,19.29880862,19.01754875,19.58322227,14433,74787,
Redbridge,E09000026,Children in absolute low income families (under 16s),93701,<16 yrs,2021/22,22,13.35418778,13.10075696,13.61175322,9093,68091,
Richmond upon Thames,E09000027,Children in absolute low income families (under 16s),93701,<16 yrs,2021/22,22,4.173346566,3.980063372,4.375588408,1640,39297,
Southwark,E09000028,Children in absolute low income families (under 16s),93701,<16 yrs,2021/22,22,14.71020025,14.40570358,15.02000371,7515,51087,
Sutton,E09000029,Children in absolute low income families (under 16s),93701,<16 yrs,2021/22,22,8.309220569,8.054626665,8.571111614,3647,43891,
Tower Hamlets,E09000030,Children in absolute low income families (under 16s),93701,<16 yrs,2021/22,22,21.75091193,21.41580395,22.08978961,12522,57570,
Waltham Forest,E09000031,Children in absolute low income families (under 16s),93701,<16 yrs,2021/22,22,16.83564568,16.52860943,17.1472138,9465,56220,
Wandsworth,E09000032,Children in absolute low income families (under 16s),93701,<16 yrs,2021/22,22,9.372628149,9.129735255,9.62129891,5063,54019,
Westminster,E09000033,Children in absolute low income families (under 16s),93701,<16 yrs,2021/22,22,11.63817291,11.25924492,12.02812511,3111,26731,
City of London,E09000001,Homelessness - households with dependent children owed a duty under the Homelessness Reduction Act,93739,Not applicable,2021/22,22,6.60502,2.82447,15.36783,5,757,
Barking and Dagenham,E09000002,Homelessness - households with dependent children owed a duty under the Homelessness Reduction Act,93739,Not applicable,2021/22,22,19.42722,18.0109,20.95254,658,33870,
Barnet,E09000003,Homelessness - households with dependent children owed a duty under the Homelessness Reduction Act,93739,Not applicable,2021/22,22,16.56779,15.48967,17.7196,835,50399,
Bexley,E09000004,Homelessness - households with dependent children owed a duty under the Homelessness Reduction Act,93739,Not applicable,2021/22,22,8.59676,7.66297,9.64323,288,33501,
Brent,E09000005,Homelessness - households with dependent children owed a duty under the Homelessness Reduction Act,93739,Not applicable,2021/22,22,21.9395,20.52353,23.45083,845,38515,
Bromley,E09000006,Homelessness - households with dependent children owed a duty under the Homelessness Reduction Act,93739,Not applicable,2021/22,22,10.27196,9.35708,11.27527,437,42543,
Camden,E09000007,Homelessness - households with dependent children owed a duty under the Homelessness Reduction Act,93739,Not applicable,2021/22,22,8.81198,7.7259,10.0492,220,24966,
Croydon,E09000008,Homelessness - households with dependent children owed a duty under the Homelessness Reduction Act,93739,Not applicable,2021/22,22,12.51744,11.606,13.49948,664,53046,
Ealing,E09000009,Homelessness - households with dependent children owed a duty under the Homelessness Reduction Act,93739,Not applicable,2021/22,22,23.87974,22.45779,25.38938,996,41709,
Enfield,E09000010,Homelessness - households with dependent children owed a duty under the Homelessness Reduction Act,93739,Not applicable,2021/22,22,28.22488,26.77551,29.7503,1345,47653,
Greenwich,E09000011,Homelessness - households with dependent children owed a duty under the Homelessness Reduction Act,93739,Not applicable,2021/22,22,22.99668,21.53641,24.55348,873,37962,
Hackney,E09000012,Homelessness - households with dependent children owed a duty under the Homelessness Reduction Act,93739,Not applicable,2021/22,22,18.70649,17.29164,20.23472,610,32609,
Hammersmith and Fulham,E09000013,Homelessness - households with dependent children owed a duty under the Homelessness Reduction Act,93739,Not applicable,2021/22,22,17.27997,15.5315,19.22143,332,19213,
Haringey,E09000014,Homelessness - households with dependent children owed a duty under the Homelessness Reduction Act,93739,Not applicable,2021/22,22,,,,,,Value suppressed due to incompleteness of  source data
Harrow,E09000015,Homelessness - households with dependent children owed a duty under the Homelessness Reduction Act,93739,Not applicable,2021/22,22,11.93724,10.80875,13.18198,385,32252,
Havering,E09000016,Homelessness - households with dependent children owed a duty under the Homelessness Reduction Act,93739,Not applicable,2021/22,22,24.27321,22.6405,26.02054,774,31887,
Hillingdon,E09000017,Homelessness - households with dependent children owed a duty under the Homelessness Reduction Act,93739,Not applicable,2021/22,22,17.31196,16.08742,18.62795,702,40550,
Hounslow,E09000018,Homelessness - households with dependent children owed a duty under the Homelessness Reduction Act,93739,Not applicable,2021/22,22,,,,,,Value suppressed due to incompleteness of  source data
Islington,E09000019,Homelessness - households with dependent children owed a duty under the Homelessness Reduction Act,93739,Not applicable,2021/22,22,18.2685,16.59707,20.10482,410,22443,
Kensington and Chelsea,E09000020,Homelessness - households with dependent children owed a duty under the Homelessness Reduction Act,93739,Not applicable,2021/22,22,13.92665,12.17617,15.92473,210,15079,
Kingston upon Thames,E09000021,Homelessness - households with dependent children owed a duty under the Homelessness Reduction Act,93739,Not applicable,2021/22,22,6.75213,5.75107,7.92605,148,21919,
Lambeth,E09000022,Homelessness - households with dependent children owed a duty under the Homelessness Reduction Act,93739,Not applicable,2021/22,22,33.81656,31.99533,35.73763,1213,35870,
Lewisham,E09000023,Homelessness - households with dependent children owed a duty under the Homelessness Reduction Act,93739,Not applicable,2021/22,22,21.82496,20.45123,23.28877,890,40779,
Merton,E09000024,Homelessness - households with dependent children owed a duty under the Homelessness Reduction Act,93739,Not applicable,2021/22,22,10.12756,8.97813,11.42246,262,25870,
Newham,E09000025,Homelessness - households with dependent children owed a duty under the Homelessness Reduction Act,93739,Not applicable,2021/22,22,22.73235,21.39227,24.1543,1018,44782,
Redbridge,E09000026,Homelessness - households with dependent children owed a duty under the Homelessness Reduction Act,93739,Not applicable,2021/22,22,10.52607,9.60655,11.53259,455,43226,
Richmond upon Thames,E09000027,Homelessness - households with dependent children owed a duty under the Homelessness Reduction Act,93739,Not applicable,2021/22,22,5.98802,5.10545,7.02209,150,25050,
Southwark,E09000028,Homelessness - households with dependent children owed a duty under the Homelessness Reduction Act,93739,Not applicable,2021/22,22,23.25055,21.73072,24.87397,822,35354,
Sutton,E09000029,Homelessness - households with dependent children owed a duty under the Homelessness Reduction Act,93739,Not applicable,2021/22,22,12.80391,11.531,14.21531,346,27023,
Tower Hamlets,E09000030,Homelessness - households with dependent children owed a duty under the Homelessness Reduction Act,93739,Not applicable,2021/22,22,,,,,,Value suppressed due to incompleteness of  source data
Waltham Forest,E09000031,Homelessness - households with dependent children owed a duty under the Homelessness Reduction Act,93739,Not applicable,2021/22,22,23.12444,21.62071,24.73012,831,35936,
Wandsworth,E09000032,Homelessness - households with dependent children owed a duty under the Homelessness Reduction Act,93739,Not applicable,2021/22,22,16.15967,14.87703,17.55092,553,34221,
Westminster,E09000033,Homelessness - households with dependent children owed a duty under the Homelessness Reduction Act,93739,Not applicable,2021/22,22,17.68788,16.08399,19.44855,418,23632,
